INSERT INTO Platnosci (ID_platnosci, Data_platnosci, Oplacone, Kwota)
VALUES 
    ('PLA000000001', '2023-01-01', 1, 120.0),
    ('PLA000000002', '2023-01-02', 1, 150.0),
    ('PLA000000003', '2023-02-05', 1, 80.0),
    ('PLA000000004', '2023-02-10', 0, 200.0),
    ('PLA000000005', '2023-02-15', 1, 250.0),
    ('PLA000000006', '2023-02-20', 1, 180.0),
    ('PLA000000007', '2023-02-25', 1, 150.0),
    ('PLA000000008', '2023-03-01', 1, 200.0),
    ('PLA000000009', '2023-03-05', 1, 220.0),
    ('PLA000000010', '2023-03-10', 1, 200.0),
    ('PLA000000011', '2023-03-15', 1, 300.0),
    ('PLA000000012', '2023-03-20', 1, 400.0),
    ('PLA000000013', '2023-03-25', 1, 150.0),
    ('PLA000000014', '2023-04-01', 1, 120.0),
    ('PLA000000015', '2023-04-05', 1, 150.0),
    ('PLA000000016', '2023-04-10', 1, 80.0),
    ('PLA000000017', '2023-04-15', 1, 200.0),
    ('PLA000000018', '2023-04-20', 1, 250.0),
    ('PLA000000019', '2023-04-25', 1, 180.0),
    ('PLA000000020', '2023-05-01', 1, 150.0),
    ('PLA000000021', '2023-05-05', 1, 200.0),
    ('PLA000000022', '2023-05-10', 1, 220.0),
    ('PLA000000023', '2023-05-15', 1, 200.0),
    ('PLA000000024', '2023-05-20', 1, 300.0),
    ('PLA000000025', '2023-05-25', 1, 400.0),
    ('PLA000000026', '2023-06-01', 1, 150.0),
    ('PLA000000027', '2023-06-05', 1, 120.0),
    ('PLA000000028', '2023-06-10', 1, 150.0),
    ('PLA000000029', '2023-06-15', 0, 200.0),
    ('PLA000000030', '2023-06-20', 1, 220.0),
    ('PLA000000031', '2023-06-25', 1, 200.0),
    ('PLA000000032', '2023-07-01', 0, 300.0),
    ('PLA000000033', '2023-07-05', 1, 400.0),
    ('PLA000000034', '2023-07-10', 1, 150.0),
    ('PLA000000035', '2023-07-15', 0, 120.0),
    ('PLA000000036', '2023-07-20', 1, 200.0),
    ('PLA000000037', '2023-07-25', 1, 250.0),
    ('PLA000000038', '2023-08-01', 0, 180.0),
    ('PLA000000039', '2023-08-05', 0, 150.0),
    ('PLA000000040', '2023-08-10', 0, 200.0),
    ('PLA000000041', '2023-08-15', 0, 200.0);


INSERT INTO Pacjenci (Pesel_pacjenta, Imie, Nazwisko, Telefon)
VALUES 
    ('89052712345', 'Anna', 'Nowak', '123456789'),
    ('90040523456', 'Maria', 'Smith', '123456789'),
    ('85062056789', 'Jan', 'Kowalski', '987654321'),
    ('88120134567', 'Piotr', 'Johnson', '555123456'),
    ('95071378901', 'Karolina', 'Lee', '987654321'),
    ('91022889012', 'Marcin', 'Garcia', '654789012'),
    ('87082056789', 'Marta', 'Miller', '999999999'),
    ('83050523456', 'Micha³', 'White', '111222333'),
    ('92091234567', 'Agata', 'Brown', '444555666'),
    ('79020312345', 'Krzysztof', 'Davis', '123456789'),
    ('78121456789', 'Joanna', 'Thomas', '987654321'),
    ('88112289012', 'Mateusz', 'Jones', '123456789'),
    ('94101034567', 'Zofia', 'Williams', '555123456'),
    ('90030456789', 'Marek', 'Wilson', '987654321'),
    ('95122112345', 'Anita', 'Johnson', '654789012'),
    ('80111178901', 'Rafa³', 'Smith', '999999999'),
    ('91070123456', 'Izabela', 'Davis', '111222333'),
    ('87060656789', 'Kamil', 'Brown', '444555666'),
    ('84072523456', 'Natalia', 'Thomas', '123456789'),
    ('85011278901', 'Marian', 'Wójcik', '987654321'),
    ('92072556789', 'Alicja', 'Jankowska', '123456789'),
    ('88060123456', 'Artur', 'Kamiñski', '555123456'),
    ('91050834567', 'Kamila', 'Sikorska', '987654321'),
    ('96032078901', 'Tomasz', 'Zaj¹c', '654789012'),
    ('90021089012', 'Ewa', 'D¹browska', '999999999'),
    ('83071556789', 'Damian', 'Lis', '111222333'),
    ('94091723456', 'Natalie', 'Kowalczyk', '444555666'),
    ('80032434567', 'Szymon', 'Czarnecki', '123456789'),
    ('87070956789', 'Katarzyna', 'Grabowska', '987654321'),
    ('91051589012', 'Wojciech', 'Piotrowski', '123456789'),
    ('95120434567', 'Julia', 'Witkowska', '555123456'),
    ('92050956789', 'Bart³omiej', 'Sawicki', '987654321'),
    ('88122223456', 'Monika', 'Lipiñska', '654789012');

INSERT INTO Procedury_medyczne (ID_procedury, Nazwa, Cena, Czas_trwania)
VALUES 
    ('DENT00000001', 'Profesjonalne czyszczenie zêbów', 120.0, 30),
    ('DENT00000002', 'Usuwanie kamienia nazêbnego', 150.0, 45),
    ('DENT00000003', 'Przegl¹d stomatologiczny', 80.0, 20),
    ('DENT00000004', 'Plombowanie zêba', 200.0, 60),
    ('DENT00000005', 'Wybielanie zêbów', 250.0, 40),
    ('DENT00000006', 'Ekstrakcja zêba', 180.0, 60),
    ('DENT00000007', 'Konsultacja ortodontyczna', 150.0, 30),
    ('DENT00000008', 'Zak³adanie aparatu ortodontycznego', 300.0, 45),
    ('DENT00000009', 'Wizyta u chirurga stomatologicznego', 220.0, 60),
    ('DENT00000010', 'Próchnica - plomba estetyczna', 200.0, 45),
    ('DENT00000011', 'Korona protetyczna', 300.0, 60),
    ('DENT00000012', 'Regeneracja koœci', 400.0, 45),
    ('DENT00000013', 'Konsultacja stomatologiczna dla dzieci', 150.0, 30),
    ('DENT00000014', 'Leczenie kana³owe', 250.0, 60),
    ('DENT00000015', 'Przygotowanie protetyczne', 180.0, 40),
    ('DENT00000016', 'Usuniêcie ósemki', 200.0, 45),
    ('DENT00000017', 'Naprawa protezy', 120.0, 30),
    ('DENT00000018', 'Zabieg fluoryzacji', 80.0, 20),
    ('DENT00000019', 'Implantologia zêbów', 400.0, 60),
    ('DENT00000020', 'Zak³adanie korony tymczasowej', 150.0, 30);

INSERT INTO Gabinety (ID_gabinetu, Numer_pokoju, Pietro)
VALUES 
    ('GAB000000001', 101, 1),
    ('GAB000000002', 102, 1),
    ('GAB000000003', 103, 1),
    ('GAB000000004', 104, 1),
    ('GAB000000005', 201, 2),
    ('GAB000000006', 202, 2),
    ('GAB000000007', 203, 2),
    ('GAB000000008', 204, 2),
    ('GAB000000009', 301, 3),
    ('GAB000000010', 301, 3);


INSERT INTO Wizyty (ID_wizyty, Godzina, Termin, ID_platnosci, ID_gabinetu, ID_procedury, Pesel_pacjenta)
VALUES 
    ('WIZ000000001', '10:00:00', '2023-01-01', 'PLA000000001', 'GAB000000001', 'DENT00000017', '89052712345'),
    ('WIZ000000002', '11:30:00', '2023-01-15', 'PLA000000002', 'GAB000000006', 'DENT00000002', '85062056789'),
    ('WIZ000000003', '13:00:00', '2023-01-20', 'PLA000000003', 'GAB000000003', 'DENT00000003', '88120134567'),
    ('WIZ000000004', '14:30:00', '2023-01-25', 'PLA000000004', 'GAB000000005', 'DENT00000016', '90040523456'),
    ('WIZ000000005', '16:00:00', '2023-02-01', 'PLA000000005', 'GAB000000002', 'DENT00000005', '95071378901'),
    ('WIZ000000006', '09:30:00', '2023-02-05', 'PLA000000006', 'GAB000000007', 'DENT00000006', '91022889012'),
    ('WIZ000000007', '12:00:00', '2023-02-10', 'PLA000000007', 'GAB000000006', 'DENT00000007', '87082056789'),
    ('WIZ000000008', '14:30:00', '2023-02-15', 'PLA000000008', 'GAB000000001', 'DENT00000004', '88120134567'),
    ('WIZ000000009', '16:00:00', '2023-02-20', 'PLA000000009', 'GAB000000002', 'DENT00000009', '83050523456'),
    ('WIZ000000010', '10:30:00', '2023-02-25', 'PLA000000010', 'GAB000000008', 'DENT00000016', '91070123456'),
    ('WIZ000000011', '13:00:00', '2023-03-01', 'PLA000000011', 'GAB000000002', 'DENT00000008', '92091234567'),
    ('WIZ000000012', '11:30:00', '2023-03-05', 'PLA000000012', 'GAB000000005', 'DENT00000019', '79020312345'),
    ('WIZ000000013', '13:00:00', '2023-03-10', 'PLA000000013', 'GAB000000001', 'DENT00000020', '78121456789'),
    ('WIZ000000014', '14:30:00', '2023-03-15', 'PLA000000014', 'GAB000000010', 'DENT00000017', '88112289012'),
    ('WIZ000000015', '16:00:00', '2023-03-20', 'PLA000000015', 'GAB000000008', 'DENT00000020', '94101034567'),
    ('WIZ000000016', '09:30:00', '2023-03-25', 'PLA000000016', 'GAB000000001', 'DENT00000003', '90021089012'),
    ('WIZ000000017', '12:00:00', '2023-04-01', 'PLA000000017', 'GAB000000007', 'DENT00000016', '90030456789'),
    ('WIZ000000018', '14:30:00', '2023-04-05', 'PLA000000018', 'GAB000000003', 'DENT00000014', '92072556789'),
    ('WIZ000000019', '16:00:00', '2023-04-10', 'PLA000000019', 'GAB000000001', 'DENT00000015', '95122112345'),
    ('WIZ000000020', '10:30:00', '2023-04-15', 'PLA000000020', 'GAB000000001', 'DENT00000007', '80111178901'),
    ('WIZ000000021', '14:30:00', '2023-04-20', 'PLA000000021', 'GAB000000004', 'DENT00000016', '91070123456'),
    ('WIZ000000022', '11:30:00', '2023-04-25', 'PLA000000022', 'GAB000000009', 'DENT00000009', '87060656789'),
    ('WIZ000000023', '13:00:00', '2023-05-01', 'PLA000000023', 'GAB000000010', 'DENT00000004', '84072523456'),
    ('WIZ000000024', '14:30:00', '2023-05-05', 'PLA000000024', 'GAB000000002', 'DENT00000011', '85011278901'),
    ('WIZ000000025', '16:00:00', '2023-05-10', 'PLA000000025', 'GAB000000006', 'DENT00000019', '92072556789'),
    ('WIZ000000026', '09:30:00', '2023-05-15', 'PLA000000026', 'GAB000000003', 'DENT00000020', '88060123456'),
    ('WIZ000000027', '12:00:00', '2023-05-20', 'PLA000000027', 'GAB000000009', 'DENT00000017', '91050834567'),
    ('WIZ000000028', '14:30:00', '2023-05-25', 'PLA000000028', 'GAB000000001', 'DENT00000002', '96032078901'),
    ('WIZ000000029', '16:00:00', '2023-06-01', 'PLA000000029', 'GAB000000002', 'DENT00000004', '90021089012'),
    ('WIZ000000030', '10:30:00', '2023-06-05', 'PLA000000030', 'GAB000000003', 'DENT00000009', '83071556789'),
    ('WIZ000000031', '13:00:00', '2023-06-10', 'PLA000000031', 'GAB000000010', 'DENT00000004', '80032434567'),
    ('WIZ000000032', '11:30:00', '2023-06-15', 'PLA000000032', 'GAB000000006', 'DENT00000008', '94091723456'),
    ('WIZ000000033', '13:00:00', '2023-06-20', 'PLA000000033', 'GAB000000009', 'DENT00000019', '80032434567'),
    ('WIZ000000034', '14:30:00', '2023-06-25', 'PLA000000034', 'GAB000000002', 'DENT00000013', '88122223456'),
    ('WIZ000000035', '16:00:00', '2023-07-01', 'PLA000000035', 'GAB000000001', 'DENT00000017', '87070956789'),
    ('WIZ000000036', '09:30:00', '2023-07-05', 'PLA000000036', 'GAB000000005', 'DENT00000016', '91050834567'),
    ('WIZ000000037', '12:00:00', '2023-07-10', 'PLA000000037', 'GAB000000007', 'DENT00000005', '91051589012'),
    ('WIZ000000038', '14:30:00', '2023-07-15', 'PLA000000038', 'GAB000000006', 'DENT00000006', '89052712345'),
    ('WIZ000000039', '16:00:00', '2023-07-20', 'PLA000000039', 'GAB000000002', 'DENT00000002', '95120434567'),
    ('WIZ000000040', '10:30:00', '2023-07-25', 'PLA000000040', 'GAB000000003', 'DENT00000016', '92050956789');


INSERT INTO Artykuly (ID_artykulu, Nazwa, Cena, Dostawca)
VALUES 
    ('ART000000001', 'Chirurgiczne rêkawice lateksowe', 25.50, 'MediGloves Inc'),
    ('ART000000002', 'Znieczulenie miejscowe', 1.20, 'Dental Pharma'),
    ('ART000000003', 'Antyseptyczne p³yny do p³ukania', 15.75, 'Dental Care Solutions'),
    ('ART000000004', 'Stomatologiczne lusterka', 250.00, 'Dentist Supply Co'),
    ('ART000000005', 'Kompozytowe wype³nienia stomatologiczne', 8.50, 'Dental Crafters'),
    ('ART000000006', 'Szczoteczki do czyszczenia zêbów', 30.00, 'Oral Health Innovations'),
    ('ART000000007', 'Podk³ady stomatologiczne', 12.90, 'Dental Pharma'),
    ('ART000000008', 'Kosz na zu¿yte narzêdzia', 5.75, 'Dental Waste Solutions'),
    ('ART000000009', 'Maseczki chirurgiczne', 22.50, 'MediSafe Supplies'),
	('ART000000010', 'Maseczki', 10.50, 'MediSafe Supplies'),
    ('ART000000011', 'Stomatologiczny autoklaw', 300.00, 'Dental Equipment Co'),
    ('ART000000012', 'Gazy chirurgiczne', 18.99, 'MediGloves Inc'),
    ('ART000000013', 'Zgrzewarka do folii stomatologicznej', 450.00, 'Dental Equipment Co'),
    ('ART000000014', 'Stomatologiczne kubki na narzêdzia', 3.50, 'Dental Supply Co'),
    ('ART000000015', 'Antybakteryjne myd³o do r¹k', 7.25, 'Clean Dental Solutions'),
    ('ART000000016', 'Myd³o do r¹k', 3.00, 'Clean Dental Solutions'),
    ('ART000000017', 'Folie do rentgena stomatologicznego', 9.50, 'Dental Imaging Supplies'),
    ('ART000000018', 'Stomatologiczne lampy LED', 150.00, 'Dental Equipment Co'),
    ('ART000000019', 'Kamery wewn¹trzustne', 80.00, 'Dental Imaging Solutions'),
    ('ART000000020', 'Frezy stomatologiczne', 2.50, 'Dental Crafters');

INSERT INTO Lista_artykulow (ID_listy_artykulow, Ilosc, ID_wizyty, ID_artykulu)
VALUES 
    ('LART00000001', 5, 'WIZ000000001', 'ART000000001'),
    ('LART00000002', 8, 'WIZ000000001', 'ART000000002'),
    ('LART00000003', 3, 'WIZ000000002', 'ART000000003'),
    ('LART00000004', 6, 'WIZ000000003', 'ART000000004'),
    ('LART00000005', 2, 'WIZ000000004', 'ART000000001'),
    ('LART00000006', 9, 'WIZ000000005', 'ART000000006'),
    ('LART00000007', 1, 'WIZ000000006', 'ART000000007'),
    ('LART00000008', 4, 'WIZ000000007', 'ART000000008'),
    ('LART00000009', 7, 'WIZ000000007', 'ART000000009'),
    ('LART00000010', 10, 'WIZ000000008', 'ART000000010'),
    ('LART00000011', 5, 'WIZ000000009', 'ART000000011'),
    ('LART00000012', 8, 'WIZ000000009', 'ART000000012'),
    ('LART00000013', 3, 'WIZ000000010', 'ART000000013'),
    ('LART00000014', 6, 'WIZ000000011', 'ART000000002'),
    ('LART00000015', 2, 'WIZ000000012', 'ART000000015'),
    ('LART00000016', 9, 'WIZ000000013', 'ART000000016'),
    ('LART00000017', 1, 'WIZ000000014', 'ART000000017'),
    ('LART00000018', 4, 'WIZ000000015', 'ART000000002'),
    ('LART00000019', 7, 'WIZ000000016', 'ART000000019'),
    ('LART00000020', 10, 'WIZ000000016', 'ART000000020'),
    ('LART00000021', 5, 'WIZ000000016', 'ART000000007'),
    ('LART00000022', 8, 'WIZ000000017', 'ART000000001'),
    ('LART00000023', 3, 'WIZ000000018', 'ART000000020'),
    ('LART00000024', 6, 'WIZ000000019', 'ART000000004'),
    ('LART00000025', 2, 'WIZ000000020', 'ART000000002'),
    ('LART00000026', 9, 'WIZ000000021', 'ART000000020'),
    ('LART00000027', 1, 'WIZ000000022', 'ART000000007'),
    ('LART00000028', 4, 'WIZ000000023', 'ART000000001'),
    ('LART00000029', 7, 'WIZ000000024', 'ART000000020'),
    ('LART00000030', 10, 'WIZ000000024', 'ART000000015'),
    ('LART00000031', 5, 'WIZ000000025', 'ART000000002'),
    ('LART00000032', 8, 'WIZ000000026', 'ART000000007'),
    ('LART00000033', 3, 'WIZ000000027', 'ART000000004'),
    ('LART00000034', 6, 'WIZ000000028', 'ART000000001'),
    ('LART00000035', 2, 'WIZ000000029', 'ART000000020'),
    ('LART00000036', 9, 'WIZ000000030', 'ART000000002'),
    ('LART00000037', 1, 'WIZ000000031', 'ART000000002'),
    ('LART00000038', 4, 'WIZ000000031', 'ART000000015'),
    ('LART00000039', 7, 'WIZ000000032', 'ART000000007'),
    ('LART00000040', 10, 'WIZ000000033', 'ART000000004'),
    ('LART00000041', 5, 'WIZ000000034', 'ART000000001'),
    ('LART00000042', 8, 'WIZ000000035', 'ART000000001'),
    ('LART00000043', 3, 'WIZ000000036', 'ART000000015'),
    ('LART00000044', 6, 'WIZ000000037', 'ART000000007'),
    ('LART00000045', 2, 'WIZ000000037', 'ART000000001'),
    ('LART00000046', 9, 'WIZ000000038', 'ART000000004'),
    ('LART00000047', 1, 'WIZ000000039', 'ART000000007'),
    ('LART00000048', 4, 'WIZ000000040', 'ART000000015'),
    ('LART00000049', 7, 'WIZ000000040', 'ART000000001'),
    ('LART00000050', 10, 'WIZ000000040', 'ART000000004');


INSERT INTO Personel (Pesel_pracownika, Imie, Nazwisko, Telefon, Stanowisko, Stawka)
VALUES 
    ('23456789012', 'JaNn', 'Nowak', '+48234567890', 'Dentysta', 100.00),
    ('34567890123', 'Karolina', 'Wiœniewska', '+48345678901', 'Higienistka stomatologiczna', 30.75),
    ('45678901234', 'Piotr', 'Lis', '+48456789012', 'Asystent dentysty', 25.00),
    ('89012345678', 'Marcin', 'Wojciechowski', '+48890123456', 'Dentysta', 45.00),
    ('90123456789', 'Monika', 'Kowal', '+48901234567', 'Asystent dentysty', 23.50),
    ('12345098765', 'Alicja', 'Kamiñska', '+48123450987', 'Dentysta', 108.00),
    ('34567210987', 'Dominik', 'Sawicki', '+48345672109', 'Asystent dentysty', 26.50),
    ('56789432109', 'Micha³', 'Olszewski', '+48567894321', 'Dentysta', 47.50),
    ('67890123456', 'Katarzyna', 'Jankowska', '+48678901234', 'Higienistka stomatologiczna', 32.00),
    ('78901234567', 'Bart³omiej', 'Piotrowski', '+48789012345', 'Dentysta', 55.00),
    ('89012345098', 'Anna', 'Zalewska', '+48890123456', 'Higienistka stomatologiczna', 28.50),
    ('90123456701', 'Tomasz', 'Kaczmarek', '+48901234567', 'Dentysta', 50.00),
    ('23456789023', 'Agnieszka', 'Sikorska', '+48234567890', 'Asystent dentysty', 24.00),
    ('34567890134', 'Kamil', '¯ukowski', '+48345678901', 'Dentysta', 142.00),
    ('45678901245', 'Karol', 'Lewandowski', '+48456789012', 'Asystent dentysty', 27.50),
    ('56789012356', 'Ewa', 'Nowicka', '+48567894321', 'Dentysta', 70.00),
    ('67890123467', 'Robert', 'Mazurek', '+48678901234', 'Dentysta', 46.00),
    ('78901234578', 'Aurelia', 'Sobczyk', '+48789012345', 'Asystent dentysty', 22.50),
    ('89012345689', 'Damian', 'Kowalczyk', '+48890123456', 'Dentysta', 100.50),
    ('90123456790', 'Iwona', 'Adamczyk', '+48901234567', 'Higienistka stomatologiczna', 29.00);

INSERT INTO Lista_personelu (ID_listy_personelu, ID_wizyty, Pesel_pracownika)
VALUES 
    ('PER000000001', 'WIZ000000001', '23456789012'),
    ('PER000000002', 'WIZ000000001', '45678901234'),
    ('PER000000003', 'WIZ000000002', '56789432109'),
    ('PER000000004', 'WIZ000000002', '34567210987'),
    ('PER000000005', 'WIZ000000003', '34567890134'),
    ('PER000000006', 'WIZ000000003', '78901234578'),
    ('PER000000007', 'WIZ000000004', '89012345689'),
    ('PER000000008', 'WIZ000000004', '90123456790'),
    ('PER000000009', 'WIZ000000005', '56789012356'),
    ('PER000000010', 'WIZ000000006', '78901234567'),
    ('PER000000011', 'WIZ000000007', '90123456701'),
    ('PER000000012', 'WIZ000000008', '56789432109'),
    ('PER000000013', 'WIZ000000009', '34567890134'),
    ('PER000000014', 'WIZ000000010', '67890123456'),
    ('PER000000015', 'WIZ000000011', '89012345098'),
    ('PER000000016', 'WIZ000000011', '34567890134'),
    ('PER000000017', 'WIZ000000012', '89012345689'),
    ('PER000000018', 'WIZ000000013', '23456789012'),
    ('PER000000019', 'WIZ000000014', '90123456701'),
    ('PER000000020', 'WIZ000000015', '45678901245'),
    ('PER000000021', 'WIZ000000016', '89012345689'),
    ('PER000000022', 'WIZ000000016', '12345098765'),
    ('PER000000023', 'WIZ000000017', '45678901245'),
    ('PER000000024', 'WIZ000000018', '89012345689'),
    ('PER000000025', 'WIZ000000019', '23456789023'),
    ('PER000000026', 'WIZ000000020', '90123456701'),
    ('PER000000027', 'WIZ000000021', '45678901245'),
    ('PER000000028', 'WIZ000000022', '12345098765'),
    ('PER000000029', 'WIZ000000023', '23456789023'),
    ('PER000000030', 'WIZ000000024', '89012345689'),
    ('PER000000031', 'WIZ000000024', '89012345098'),
    ('PER000000032', 'WIZ000000025', '90123456701'),
    ('PER000000033', 'WIZ000000026', '23456789023'),
    ('PER000000034', 'WIZ000000027', '89012345689'),
    ('PER000000035', 'WIZ000000028', '23456789023'),
    ('PER000000036', 'WIZ000000029', '12345098765'),
    ('PER000000037', 'WIZ000000030', '23456789023'),
    ('PER000000038', 'WIZ000000031', '12345098765'),
    ('PER000000039', 'WIZ000000031', '89012345098'),
    ('PER000000040', 'WIZ000000032', '45678901245'),
    ('PER000000041', 'WIZ000000033', '89012345689'),
    ('PER000000042', 'WIZ000000034', '90123456701'),
    ('PER000000043', 'WIZ000000035', '45678901245'),
    ('PER000000044', 'WIZ000000036', '23456789023'),
    ('PER000000045', 'WIZ000000037', '89012345689'),
    ('PER000000046', 'WIZ000000038', '90123456701'),
    ('PER000000047', 'WIZ000000039', '45678901245'),
    ('PER000000048', 'WIZ000000040', '12345098765');

INSERT INTO Urlopy (ID_urlopu, Data_rozpoczecia, Data_zakonczenia, Rodzaj, Pesel_pracownika)
VALUES 
    ('URL000000011', '2023-07-01', '2023-07-07', 'Urlop wypoczynkowy', '56789432109'),
    ('URL000000012', '2023-08-15', '2023-08-21', 'Urlop zdrowotny', '23456789012'),
    ('URL000000013', '2023-09-10', '2023-09-15', 'Urlop macierzyñski', '34567890123'),
    ('URL000000014', '2023-10-05', '2023-10-11', 'Urlop opiekuñczy', '45678901234'),
    ('URL000000015', '2023-11-20', '2023-11-25', 'Urlop wypoczynkowy', '23456789012'),
    ('URL000000016', '2023-12-10', '2023-12-16', 'Urlop wypoczynkowy', '45678901234'),
    ('URL000000017', '2023-06-01', '2023-06-07', 'Urlop zdrowotny', '90123456790'),
    ('URL000000018', '2023-03-15', '2023-03-20', 'Urlop wypoczynkowy', '89012345678'),
    ('URL000000019', '2023-09-05', '2023-09-11', 'Urlop macierzyñski', '90123456789'),
    ('URL000000020', '2023-04-20', '2023-04-25', 'Urlop wypoczynkowy', '56789432109'),
    ('URL000000021', '2023-05-10', '2023-05-16', 'Urlop opiekuñczy', '56789012356'),
    ('URL000000022', '2023-02-15', '2023-02-21', 'Urlop zdrowotny', '67890123467'),
    ('URL000000023', '2023-11-01', '2023-11-07', 'Urlop wypoczynkowy', '78901234578'),
    ('URL000000024', '2023-07-05', '2023-07-11', 'Urlop opiekuñczy', '34567890134'),
    ('URL000000025', '2023-09-20', '2023-09-25', 'Urlop wypoczynkowy', '23456789012'),
    ('URL000000026', '2023-12-10', '2023-12-16', 'Urlop wypoczynkowy', '45678901234'),
    ('URL000000027', '2023-06-01', '2023-06-07', 'Urlop zdrowotny', '34567890123'),
    ('URL000000028', '2023-03-15', '2023-03-20', 'Urlop wypoczynkowy', '89012345678'),
    ('URL000000029', '2023-09-05', '2023-09-11', 'Urlop macierzyñski', '90123456790'),
    ('URL000000030', '2023-04-20', '2023-04-25', 'Urlop wypoczynkowy', '56789432109');

